Insert into Vid_irisa(
species_id, spicies_name)
values (1,'Iris-setosa');

Insert into Vid_irisa(
species_id, spicies_name)
values (2,'Iris-versicolor');

Insert into Vid_irisa(
species_id, spicies_name)
values (3,'Iris-virginica');


INSERT INTO SEPAL (flower_id, lengh_cm , width_cm ,species_id ) 
VALUES (1, 5.1, 3.5, 1);
INSERT INTO SEPAL (flower_id, lengh_cm , width_cm ,species_id ) 
VALUES (2, 4.9, 3.0, 1);
INSERT INTO SEPAL (flower_id, lengh_cm , width_cm ,species_id ) 
VALUES (3, 4.7, 3.2, 1);
INSERT INTO SEPAL (flower_id, lengh_cm , width_cm ,species_id ) 
VALUES (4,  4.6, 3.1, 1);
INSERT INTO SEPAL (flower_id, lengh_cm , width_cm ,species_id ) 
VALUES (5, 5.0, 3.6, 1);




INSERT INTO SEPAL (flower_id, lengh_cm , width_cm ,species_id) 
VALUES (6, 6.2, 2.2,1);

INSERT INTO SEPAL (flower_id, lengh_cm , width_cm ,species_id) 
VALUES (7, 5.6, 2.5,1);

INSERT INTO SEPAL (flower_id, lengh_cm , width_cm ,species_id) 
VALUES (8, 5.9, 3.2,1);

INSERT INTO SEPAL (flower_id, lengh_cm , width_cm ,species_id) 
VALUES (9, 6.1, 2.8,1);

INSERT INTO SEPAL (flower_id, lengh_cm , width_cm ,species_id) 
VALUES (10, 6.3, 2.5,1);




INSERT INTO SEPAL (flower_id, lengh_cm , width_cm ,species_id) 
VALUES (11, 6.1, 3.0,3);

INSERT INTO SEPAL (flower_id, lengh_cm , width_cm ,species_id) 
VALUES (12, 6.4, 2.8,3);

INSERT INTO SEPAL (flower_id, lengh_cm , width_cm ,species_id) 
VALUES (13, 7.2, 3.0,3);

INSERT INTO SEPAL (flower_id, lengh_cm , width_cm ,species_id) 
VALUES (14, 7.4, 2.8,3);

INSERT INTO SEPAL (flower_id, lengh_cm , width_cm ,species_id) 
VALUES (15, 7.9, 3.8,3);






INSERT INTO PETAL (flower_id, lengh_cm , width_cm ,species_id) 
VALUES (1, 1.5, 0.3,1);

INSERT INTO PETAL (flower_id, lengh_cm , width_cm ,species_id) 
VALUES (2, 1.7, 0.2,1);

INSERT INTO PETAL (flower_id, lengh_cm , width_cm ,species_id) 
VALUES (3, 1.5, 0.4,1);

INSERT INTO PETAL (flower_id, lengh_cm , width_cm ,species_id) 
VALUES (4, 1.0, 0.2,1);

INSERT INTO PETAL (flower_id, lengh_cm , width_cm ,species_id) 
VALUES (5, 1.7, 0.5,1);




INSERT INTO PETAL (flower_id, lengh_cm , width_cm ,species_id) 
VALUES (6, 5.1, 1.6, 2);

INSERT INTO PETAL (flower_id, lengh_cm , width_cm ,species_id) 
VALUES (7, 4.5, 1.5,2);

INSERT INTO PETAL (flower_id, lengh_cm , width_cm ,species_id) 
VALUES (8, 4.5, 1.6,2);

INSERT INTO PETAL (flower_id, lengh_cm , width_cm ,species_id) 
VALUES (9, 4.7, 1.5,2);

INSERT INTO PETAL (flower_id, lengh_cm , width_cm ,species_id) 
VALUES (10, 4.4, 1.3,2);





INSERT INTO PETAL (flower_id, lengh_cm , width_cm ,species_id) 
VALUES (11, 5.8, 1.6,3);

INSERT INTO PETAL (flower_id, lengh_cm , width_cm ,species_id) 
VALUES (12, 6.1, 1.9,3);

INSERT INTO PETAL (flower_id, lengh_cm , width_cm ,species_id) 
VALUES (13, 6.4, 2.0,3);

INSERT INTO PETAL (flower_id, lengh_cm , width_cm ,species_id) 
VALUES (14, 5.6, 2.2,3);

INSERT INTO PETAL (flower_id, lengh_cm , width_cm ,species_id) 
VALUES (15, 5.1, 1.5,3);
